Category,Search Term
318399-205117106,205117106
674227-846011921,846011921
253610-102340530,102340530
918205-843367879,843367879
801851-140980088,140980088
941027-730105926,730105926
452261-395583120,395583120
862170-212039052,212039052
452617-918822935,918822935
619320-891517635,891517635
218904-348011980,348011980
290966-726704787,726704787
397429-722889407,722889407
88671788436,88671788436
NAB Card Autopay,67152799000388582 NAB Card Autopay
Company 01,Company 01
Multi-Pay Anyone,ANYONE MULTIPLE PAYMENTS
Asset Finance ,ASSET FIN
ATM Withdrawal,ATM WITHDRAWAL
Company 01,Company 02
Company 02,Company 03
Company 03,Company 04
Company 04,Company 05
Company 05,Company 06
Jayvon Huerta,Jayvon Huerta
Company 07,Company 07
Mohammed Townsend,Mohammed Townsend
Mohammed Townsend,Mohammed Townsend
Sergio Moyer,Sergio Moyer
Mohammed Townsend,Mohammed Townsend
Company 08,Company 08
Company 09,Company 09
Charles Vasquez,Charles Vasquez
Company 10,Company 10
Company 11,Company 11
Company 12,Company 12
Company 13,Company 13
Company 14,Company 14
Company 15,Company 15
Company 16,Company 16
Company 17,Company 17
Multi-Pay Anyone,INTERNET BANKING MUL MULTIPLE PAYMENTS
Internet Transfer,Internet Transfer Pymt-Id
Multi-Pay Anyone,INTERNETBANKINGMULTI-PAYANYONE
Curtis Hoffman,Curtis Hoffman
Braedon Edwards,Braedon Edwards
Aron Sexton,Aron Sexton
Company 18,Company 18
Company 19,Company 19
Company 20,Company 20
Company 21,Company 21
Company 22,Company 22
Multi-Pay Anyone,MULTI-PAY ANYONE
Company 23,Company 23
Company 24,Company 24
Company 25,Company 25
Company 26,Company 26
Company 27,Company 27
Company 28,Company 28
Company 29,Company 29
Company 30,Company 30
Company 31,Company 31
Company 32,Company 32
Company 33,Company 33
Chana Mueller,Chana Mueller
Company 34,Company 34
Company 35,Company 35
Company 36,Company 36
Company 37,Company 37
Company 38,Company 38
Company 39,Company 39
Company 40,Company 40
Company 41,Company 41
Company 42,Company 42
Company 43,Company 43
Company 44,Company 44
VISA Purchase,VISA
Company 45,Company 45
Company 46,Company 46
Company 47,Company 47
Amirah Hahn,Amirah Hahn
Bailee Matthews,Bailee Matthews
Kenneth Bowers,Kenneth Bowers
Jaylin Joyce,Jaylin Joyce
Josue Aguirre,Josue Aguirre
Rafael Todd,Rafael Todd
Marlon Hinton,Marlon Hinton
Dominick Fowler,Dominick Fowler
Karlee Leonard,Karlee Leonard
Madeline Gutierrez,Madeline Gutierrez
Company 48,Company 48
Company 49,Company 49
Company 50,Company 50
Company 51,Company 51
522568-851681466,851681466
807017-654317005,654317005
Company 52,Company 52
Company 53,Company 53
Curtis Hoffman,Curtis Hoffman
